{
  "top_degree": 9,
  "bot_degree": 1,
  "numerator_coeffs": [
    -1.1512461793582007,
    1.5031221138538788,
    1.6062777060586837,
    -1.6176064333778257,
    -1.0274664224351762,
    2.5911928609659896,
    -1.6346163567903182,
    -6.197645425784165,
    5.766866588512542
  ],
  "denominator_coeffs": [
    0.0004144267013392678
  ],
  "numerator_centers": [
    -0.5956691232917859,
    4.540523083282221,
    1.41033488526593,
    -0.7872931524340919,
    0.973420561325016,
    2.398135218947785,
    1.871881726882266,
    0.4333390599570958
  ],
  "denominator_centers": [],
  "param_vector": [
    -1.1512461793582007,
    1.5031221138538788,
    1.6062777060586837,
    -1.6176064333778257,
    -1.0274664224351762,
    2.5911928609659896,
    -1.6346163567903182,
    -6.197645425784165,
    5.766866588512542,
    0.0004144267013392678,
    -0.5956691232917859,
    4.540523083282221,
    1.41033488526593,
    -0.7872931524340919,
    0.973420561325016,
    2.398135218947785,
    1.871881726882266,
    0.4333390599570958
  ],
  "x_vals": [
    0.7853981633974483,
    0.7854060164576129,
    0.9432996441265805,
    0.9817227042468104,
    1.1780472450961725,
    1.335214464699917,
    1.3743717859455344,
    1.4142869274970338,
    1.4266319380757475,
    1.4342101411345634,
    1.4345085574208172,
    1.5654347764846306,
    1.5654897479057825,
    1.5659216662148343,
    1.5662122294409235,
    1.5663064661628985,
    1.566314319223063,
    1.5663221722832277,
    1.566330025343392,
    1.5663378784035569,
    1.5663457314637212,
    1.566353584523886,
    1.5663614375840504,
    1.566369290644215,
    1.5663771437043796,
    1.5663849967645442,
    1.5663928498247088,
    1.5664007028848734,
    1.566408555945038,
    1.5664164090052024,
    1.5664242620653672,
    1.5664321151255316,
    1.5664399681856964,
    1.5664478212458608,
    1.5664556743060254,
    1.56646352736619,
    1.5664713804263546,
    1.5664792334865192,
    1.5664870865466836,
    1.5664949396068484,
    1.5665027926670128,
    1.5665106457271776,
    1.566518498787342,
    1.5665263518475068,
    1.5665342049076711,
    1.5665420579678357,
    1.5665499110280003,
    1.566557764088165,
    1.5665656171483295,
    1.566573470208494,
    1.5665813232686587,
    1.566589176328823,
    1.566597029388988,
    1.5666048824491523,
    1.566612735509317,
    1.5666205885694815,
    1.566628441629646,
    1.5666362946898107,
    1.5666441477499753,
    1.5666520008101399,
    1.5666598538703043,
    1.566667706930469,
    1.5666755599906335,
    1.5666834130507983,
    1.5666912661109627,
    1.5666991191711273,
    1.5667069722312919,
    1.5667148252914564,
    1.566722678351621,
    1.5667305314117854,
    1.5667383844719502,
    1.5667462375321146,
    1.5667540905922794,
    1.5667619436524438,
    1.5667697967126084,
    1.566777649772773,
    1.5667855028329376,
    1.5667933558931022,
    1.5668012089532668,
    1.5668090620134314,
    1.5668169150735958,
    1.5668247681337606,
    1.566832621193925,
    1.5668404742540898,
    1.5668483273142542,
    1.5668561803744188,
    1.5668640334345834,
    1.566871886494748,
    1.5668797395549126,
    1.5668875926150772,
    1.5668954456752417,
    1.5669032987354061,
    1.566911151795571,
    1.5669190048557353,
    1.5669268579159001,
    1.5669347109760645,
    1.5669425640362291,
    1.5669504170963937,
    1.5669582701565583,
    1.566966123216723,
    1.5669739762768873,
    1.566981829337052,
    1.5669896823972165,
    1.5669975354573813,
    1.5670053885175457,
    1.5670132415777103,
    1.5670210946378749,
    1.5670289476980395,
    1.567036800758204,
    1.5670446538183687,
    1.5670525068785333,
    1.5670603599386976,
    1.5670682129988625,
    1.5670760660590268,
    1.5670839191191916,
    1.567091772179356,
    1.5670996252395206,
    1.5671074782996852,
    1.5671153313598498,
    1.5671231844200144,
    1.567131037480179,
    1.5671388905403436,
    1.567146743600508,
    1.5671545966606728,
    1.5671624497208372,
    1.567170302781002,
    1.5671781558411664,
    1.567186008901331,
    1.5671938619614956,
    1.5672017150216602,
    1.5672095680818248,
    1.5672174211419891,
    1.567225274202154,
    1.5672331272623183,
    1.5672409803224832,
    1.5672488333826475,
    1.5672566864428121,
    1.5672645395029767,
    1.5672723925631413,
    1.567280245623306,
    1.5672880986834705,
    1.5672959517436351,
    1.5673038048037995,
    1.5673116578639643,
    1.5673195109241287,
    1.5673273639842935,
    1.5673352170444579,
    1.5673430701046225,
    1.567350923164787,
    1.5673587762249517,
    1.5673666292851163,
    1.5673744823452809,
    1.5673823354054455,
    1.5673901884656098,
    1.5673980415257747,
    1.567405894585939,
    1.5674137476461039,
    1.5674216007062682,
    1.5674294537664328,
    1.5674373068265974,
    1.567445159886762,
    1.5674530129469266,
    1.567460866007091,
    1.5674687190672558,
    1.5674765721274202,
    1.567484425187585,
    1.5674922782477494,
    1.567500131307914,
    1.5675079843680786,
    1.5675158374282432,
    1.5675236904884078,
    1.5675315435485724,
    1.567539396608737,
    1.5675472496689014,
    1.5675551027290662,
    1.5675629557892305,
    1.5675708088493954,
    1.5675786619095597,
    1.5675865149697243,
    1.567594368029889,
    1.5676022210900535,
    1.5676100741502181,
    1.5676179272103827,
    1.5676257802705473,
    1.5676336333307117,
    1.5676414863908765,
    1.567649339451041,
    1.5676571925112057,
    1.56766504557137,
    1.5676728986315347,
    1.5676807516916993,
    1.567688604751864,
    1.5676964578120285,
    1.5677043108721929,
    1.5677121639323577,
    1.567720016992522,
    1.5677278700526869,
    1.5677357231128513,
    1.5677435761730159,
    1.5677514292331804,
    1.567759282293345,
    1.5677671353535096,
    1.5677749884136742,
    1.5677828414738388,
    1.5677906945340032,
    1.567798547594168,
    1.5678064006543324,
    1.5678142537144972,
    1.5678221067746616,
    1.5678299598348262,
    1.5678378128949908,
    1.5678456659551554,
    1.56785351901532,
    1.5678613720754846,
    1.5678692251356492,
    1.5678770781958136,
    1.5678849312559784,
    1.5678927843161428,
    1.5679006373763076,
    1.567908490436472,
    1.5679163434966366,
    1.5679241965568012,
    1.5679320496169658,
    1.5679399026771303,
    1.5679477557372947,
    1.5679556087974595,
    1.567963461857624,
    1.5679713149177887,
    1.5679791679779531,
    1.5679870210381177,
    1.5679948740982823,
    1.568002727158447,
    1.5680105802186115,
    1.568018433278776,
    1.5680262863389407,
    1.568034139399105,
    1.56804199245927,
    1.5680498455194343,
    1.568057698579599,
    1.5680655516397635,
    1.568073404699928,
    1.5680812577600927,
    1.5680891108202573,
    1.5680969638804219,
    1.5681048169405865,
    1.568112670000751,
    1.5681205230609154,
    1.5681283761210802,
    1.5681362291812446,
    1.5681440822414094,
    1.5681519353015738,
    1.5681597883617384,
    1.568167641421903,
    1.5681754944820676,
    1.5681833475422322,
    1.5681912006023966,
    1.5681990536625614,
    1.5682069067227258,
    1.5682147597828906,
    1.568222612843055,
    1.5682304659032196,
    1.5682383189633842,
    1.5682461720235488,
    1.5682540250837134,
    1.568261878143878,
    1.5682697312040426,
    1.568277584264207,
    1.5682854373243718,
    1.5682932903845361,
    1.568301143444701,
    1.5683089965048653,
    1.56831684956503,
    1.5683247026251945,
    1.5683325556853591,
    1.5683404087455237,
    1.5683482618056883,
    1.568356114865853,
    1.5683639679260173,
    1.568371820986182,
    1.5683796740463465,
    1.5683875271065113,
    1.5683953801666757,
    1.5684032332268403,
    1.5684110862870049,
    1.5684189393471695,
    1.568426792407334,
    1.5684346454674984,
    1.5684424985276633,
    1.5684503515878276,
    1.5684582046479925,
    1.5684660577081568,
