{
  "top_degree": 9,
  "bot_degree": 5,
  "numerator_coeffs": [
    9.964272666973601,
    7.938433946920914,
    9.999999740618172,
    9.98552968119586,
    -0.4205223706377943,
    7.309625596934871,
    9.99944163881598,
    8.104328235332643,
    0.14242077596828034
  ],
  "denominator_coeffs": [
    6.1175046875470915,
    9.546040047992546,
    7.560270442739778,
    -6.809034670795054,
    9.800881643813351
  ],
  "numerator_centers": [
    9.997958234549916,
    -9.990071111769904,
    9.952660713053831,
    1.544252243079554,
    9.092885998051159,
    9.754723613958435,
    7.759775953987049,
    1.2543767486375095
  ],
  "denominator_centers": [
    -9.686123721624885,
    4.054014253181847,
    -6.814398658353346,
    6.023958788645715
  ],
  "param_vector": [
    9.964272666973601,
    7.938433946920914,
    9.999999740618172,
    9.98552968119586,
    -0.4205223706377943,
    7.309625596934871,
    9.99944163881598,
    8.104328235332643,
    0.14242077596828034,
    6.1175046875470915,
    9.546040047992546,
    7.560270442739778,
    -6.809034670795054,
    9.800881643813351,
    9.997958234549916,
    -9.990071111769904,
    9.952660713053831,
    1.544252243079554,
    9.092885998051159,
    9.754723613958435,
    7.759775953987049,
    1.2543767486375095,
    -9.686123721624885,
    4.054014253181847,
    -6.814398658353346,
    6.023958788645715
  ],
  "x_vals": [
    0.8,
    0.8000077080103866,
    0.9926983326596677,
    1.185396665319335,
    1.3780949979790027,
    1.5677101264840743,
    1.5700148215896348,
    1.570585214358235,
    1.5705929223686217,
    1.570600630379008,
    1.5706083383893947,
    1.5706160463997811,
    1.5706237544101675,
    1.570631462420554,
    1.5706391704309406,
    1.5706468784413272,
    1.5706545864517136,
    1.5706622944621,
    1.5706700024724864,
    1.570677710482873,
    1.5706854184932595,
    1.5706931265036461,
    1.5707008345140325,
    1.570708542524419,
    1.5707162505348053,
    1.570723958545192,
    1.5707316665555786,
    1.570739374565965,
    1.5707470825763514,
    1.5707547905867378,
    1.5707624985971245,
    1.5707702066075109,
    1.5707779146178975,
    1.570785622628284,
    1.5707933306386703
  ],
  "max_abs_error": 525.9219662617834
}
