{
  "top_degree": 9,
  "bot_degree": 1,
  "numerator_coeffs": [
    3.032021600018173,
    0.6440188077747219,
    -0.5239056937025867,
    -2.8463858387938683,
    0.6544598484115435,
    -1.8348326691030703,
    0.9083786026541463,
    0.20719800351155152,
    8.975694889017698
  ],
  "denominator_coeffs": [
    0.0026007707679712834
  ],
  "numerator_centers": [
    0.23393989774272037,
    -0.04716437676706133,
    -0.0029205936942401202,
    0.5637417609320182,
    1.5701429178589603,
    1.6353150864373216,
    2.2133959746840173,
    0.4565656155263649
  ],
  "denominator_centers": [],
  "param_vector": [
    3.032021600018173,
    0.6440188077747219,
    -0.5239056937025867,
    -2.8463858387938683,
    0.6544598484115435,
    -1.8348326691030703,
    0.9083786026541463,
    0.20719800351155152,
    8.975694889017698,
    0.0026007707679712834,
    0.23393989774272037,
    -0.04716437676706133,
    -0.0029205936942401202,
    0.5637417609320182,
    1.5701429178589603,
    1.6353150864373216,
    2.2133959746840173,
    0.4565656155263649
  ],
  "x_vals": [
    0.7853981633974483,
    0.9817227042468104,
    1.1780472450961725,
    1.3743717859455344,
    1.5654347764846306,
    1.5654897479057825,
    1.5659216662148343,
    1.5662122294409235,
    1.5665656171483295,
    1.566612735509317,
    1.5666362946898107,
    1.5666598538703043,
    1.5667148252914564,
    1.566832621193925,
    1.5668797395549126,
    1.5669582701565583,
    1.5669739762768873,
    1.5706020900729216,
    1.5706099431330862,
    1.5706177961932508,
    1.5706256492534152,
    1.57063350231358,
    1.5706413553737444,
    1.5706492084339092,
    1.5706570614940736,
    1.5706649145542382,
    1.5706727676144028,
    1.5706806206745674,
    1.570688473734732,
    1.5706963267948966
  ],
  "max_abs_error": 4846.804212607191
}