{
  "top_degree": 9,
  "bot_degree": 5,
  "numerator_coeffs": [
    -7.768062214251635,
    -1.4758620435771135,
    -1.8575549130181563,
    2.1794498325722915,
    -3.212060172295923,
    -5.9104553699010385,
    -6.806494160233071,
    -6.600526389347086,
    2.1895203877956324
  ],
  "denominator_coeffs": [
    1.9460118904561445,
    0.4461925154998387,
    2.2941624350703798,
    3.6481462813057375,
    -6.256076307390392
  ],
  "numerator_centers": [
    2.5400543483112012,
    -0.3211437407562681,
    1.397714357727864,
    -3.955035288426754,
    6.170672990031027,
    3.1308309438753485,
    -2.737049847326315,
    -2.515800744890225
  ],
  "denominator_centers": [
    0.5373640470177303,
    -4.921337432544151,
    -4.153371104120215,
    4.915924772866253
  ],
  "param_vector": [
    -7.768062214251635,
    -1.4758620435771135,
    -1.8575549130181563,
    2.1794498325722915,
    -3.212060172295923,
    -5.9104553699010385,
    -6.806494160233071,
    -6.600526389347086,
    2.1895203877956324,
    1.9460118904561445,
    0.4461925154998387,
    2.2941624350703798,
    3.6481462813057375,
    -6.256076307390392,
    2.5400543483112012,
    -0.3211437407562681,
    1.397714357727864,
    -3.955035288426754,
    6.170672990031027,
    3.1308309438753485,
    -2.737049847326315,
    -2.515800744890225,
    0.5373640470177303,
    -4.921337432544151,
    -4.153371104120215,
    4.915924772866253
  ],
  "x_vals": [
    0.8,
    0.8000077080103866,
    0.9926983326596677,
    1.185396665319335,
    1.3780949979790027,
    1.5677101264840743,
    1.5700148215896348,
    1.5705235502751433,
    1.5705312582855298,
    1.5705389662959162,
    1.5705466743063026,
    1.5705543823166892,
    1.5705620903270758,
    1.5705697983374622,
    1.5705775063478487,
    1.570585214358235,
    1.5705929223686217,
    1.570600630379008,
    1.5706083383893947,
    1.5706160463997811,
    1.5706237544101675,
    1.570631462420554,
    1.5706391704309406,
    1.5706468784413272,
    1.5706545864517136,
    1.5706622944621,
    1.5706700024724864,
    1.570677710482873,
    1.5706854184932595,
    1.5706931265036461,
    1.5707008345140325,
    1.570708542524419,
    1.5707162505348053,
    1.570723958545192,
    1.5707316665555786,
    1.570739374565965,
    1.5707470825763514,
    1.5707547905867378,
    1.5707624985971245,
    1.5707702066075109,
    1.5707779146178975,
    1.570785622628284,
    1.5707933306386703
  ]
}