{
  "step": 379433,
  "total_loss": 9117845.966911677,
  "main_loss": 9117845.966875762,
  "top_param": [
    7.6897355462406605,
    7.695370883293154,
    7.7057101111895285,
    7.722735151026409,
    7.748269519605909,
    7.783348356689887,
    7.827720430890926,
    7.854846359869655,
    7.871914739452933,
    7.888549592906504,
    7.904227445901582,
    7.918868915088889,
    7.932484571596399,
    7.945176049452253,
    7.957069889984178,
    7.968197331452311,
    7.978732598567529,
    7.988768646585291,
    -4.796048488039903,
    -6.985609233428305
  ],
  "bot_param": [
    0.7782806185095067,
    1.90597762383719,
    -0.7990669506591067,
    -0.888320399845965,
    -0.8727548962932223,
    -0.816042352093969,
    -0.7366023520935686,
    -0.6459764526245346,
    -0.5530198603040402,
    -0.46366466325382316,
    -0.3809933899673189,
    -0.30601367891986614,
    -0.23858249834231177,
    -0.17809712282635023,
    -0.12388587426193354,
    -0.07534047523398925,
    -0.032051677192650424,
    0.006203809944242179,
    0.03974452627572148,
    0.06869325650662611
  ],
  "top_centers": [
    -7.689861820780614,
    -7.6898485489675155,
    -7.689825422835645,
    -7.689788509530329,
    -7.689733985699871,
    -7.689659157231023,
    -7.689563197154859,
    -7.689665501152409,
    -7.689646940098045,
    -7.689474922889046,
    -7.689222197758151,
    -7.688994318302392,
    -7.688709930001552,
    -7.688189071988709,
    -7.6871873015621635,
    -7.685110190428152,
    -7.6807815596315905,
    -7.675423921341206,
    7.700924112004803,
    7.695623091530009
  ],
  "bot_centers": [
    8.0,
    -6.8826283176203775,
    -8.0,
    -8.0,
    -8.0,
    -8.0,
    -8.0,
    -8.0,
    -8.0,
    -8.0,
    -8.0,
    -8.0,
    -8.0,
    -8.0,
    -8.0,
    -8.0,
    -7.995420909263683,
    -7.383482159646756,
    -7.2638580385233436,
    -6.382052210860137
  ],
  "bounds": {
    "min": -8.0,
    "max": 8.0
  },
  "domain": {
    "X_MIN": 1.5,
    "X_MAX": 1.5707933306386703,
    "NUM_POINTS": 100000
  }
}