{
  "step": 678187,
  "total_loss": 97.82587275162192,
  "main_loss": 97.82587230977528,
  "top_param": [
    0.2672421026136519,
    1.9048628866643447,
    0.046035759524872315,
    0.7182071255105774,
    -0.5740019357044206,
    0.3172920587686835,
    0.340662112471095,
    0.2301773417958553,
    0.32626901466655356,
    0.5796781761595894,
    1.3217575102353938,
    1.5141930932044572,
    0.9080469116704971,
    0.4135414224893051
  ],
  "bot_param": [
    -0.8094474386921218,
    -0.7112062306045456,
    -0.6331692963933038,
    -0.6403476959197368,
    0.05884976334196408,
    0.22273062618786457
  ],
  "top_centers": [
    -0.8772868398287127,
    1.3456810570396776,
    1.3070988950420694,
    2.560485077689088,
    2.7919341256811507,
    2.368908911543789,
    1.5244558343571826,
    0.6939230318127594,
    0.7055419857415994,
    0.5678755561919322,
    -0.014559425237720339,
    0.33617931362128933,
    0.8305994072373504
  ],
  "bot_centers": [
    -0.5258164846298674,
    0.3015633304574425,
    0.12096965546999595,
    1.5180079243644793,
    0.7093086946144737
  ],
  "bounds": {
    "min": -8.0,
    "max": 8.0
  },
  "domain": {
    "X_MIN": 0.7853981633974483,
    "X_MAX": 1.565,
    "NUM_POINTS": 100000
  }
}