{
  "timestamp": "2025-11-12T13:04:44",
  "xlim": [
    0,
    1.5607963267948965
  ],
  "top_degree": 9,
  "bot_degree": 5,
  "sliders_top": [
    0.019770000000000426,
    1.0219300000000002,
    0.0023033333333335147,
    0.1624500000000001,
    0.13050000000000006,
    -0.24241333333333331,
    0.022728571428571497,
    0.08746500000000003,
    -0.02596777777777772
  ],
  "sliders_bot": [
    1.0022100000000005,
    -0.0013899999999999468,
    3.333333333466193e-06,
    -0.16950999999999994,
    -0.0563
  ]
}