{
  "top_degree": 9,
  "bot_degree": 5,
  "numerator_coeffs": [
    0.053100965721203014,
    1.0925504303242957,
    -0.02010897971429929,
    0.16770441965935545,
    0.10014293997465376,
    -0.3612736954139325,
    0.0507266779986912,
    0.1585561808386701,
    -0.10841355967000323
  ],
  "denominator_coeffs": [
    0.9234356542773999,
    -0.044556652192162524,
    -0.017002087019584482,
    -0.20446535358896964,
    -0.023364132989293504
  ],
  "numerator_centers": [
    0.018839358259870986,
    -0.14760900075736555,
    0.1395304023743452,
    0.03983881196815969,
    -0.06361022360675814,
    0.03550135706816824,
    -0.08732778238425155,
    0.07155416656451752
  ],
  "denominator_centers": [
    0.015765672859456036,
    -0.16152443355015664,
    0.09885760975177323,
    -0.023631687849454346
  ],
  "param_vector": [
    0.053100965721203014,
    1.0925504303242957,
    -0.02010897971429929,
    0.16770441965935545,
    0.10014293997465376,
    -0.3612736954139325,
    0.0507266779986912,
    0.1585561808386701,
    -0.10841355967000323,
    0.9234356542773999,
    -0.044556652192162524,
    -0.017002087019584482,
    -0.20446535358896964,
    -0.023364132989293504,
    0.018839358259870986,
    -0.14760900075736555,
    0.1395304023743452,
    0.03983881196815969,
    -0.06361022360675814,
    0.03550135706816824,
    -0.08732778238425155,
    0.07155416656451752,
    0.015765672859456036,
    -0.16152443355015664,
    0.09885760975177323,
    -0.023631687849454346
  ]
}